﻿<?xml version="1.0" encoding="utf-8"?>
<LoginInformation id="LoginInformation">
  <Accounts>
    <Account id="BenefitsLogin" Name="Benefits Login">
      <AccountName>benefits login</AccountName>
      <AccountLoginDataUserName>mustafa.mohammad</AccountLoginDataUserName>
      <AccountLoginDataPassword> Pakistan12</AccountLoginDataPassword>
    </Account>
    <Account id="HealthCareLogin">
      <AccountName>healthcare.gov login info</AccountName>
      <AccountLoginDataUserName>mxm2861</AccountLoginDataUserName>
      <AccountLoginDataPassword>Pakistan1234</AccountLoginDataPassword>
    </Account>
    <Account id="CarrerServiceLogin">
      <AccountName>carrer service login info</AccountName>
      <AccountLoginDataUserName>1000902861</AccountLoginDataUserName>
      <AccountLoginDataPassword>926385</AccountLoginDataPassword>
    </Account>
    <Account id="ChaseFreedom">
      <AccountName>chase freedom</AccountName>
      <AccountLoginDataUserName>southdakota123</AccountLoginDataUserName>
      <AccountLoginDataPassword>faluda12;</AccountLoginDataPassword>
    </Account>
    <Account id="bkd-401k">
      <AccountName>bkd-401k login</AccountName>
      <AccountLoginDataUserName>ssn</AccountLoginDataUserName>
      <AccountLoginDataPassword>Pakistan1</AccountLoginDataPassword>
    </Account>
    <Account id="AllyBank">
      <AccountName>Ally bank login info</AccountName>
      <AccountLoginDataUserName>Southdakota1</AccountLoginDataUserName>
      <AccountLoginDataPassword>Pakistan1</AccountLoginDataPassword>
    </Account>
    <Account id="AnthemLogin">
      <AccountName>anthem.com login</AccountName>
      <AccountLoginDataUserName>mustafa.mohammad</AccountLoginDataUserName>
      <AccountLoginDataPassword>Faluda123;</AccountLoginDataPassword>
    </Account>
    <Account id="Netflix">
      <AccountName>netflix account</AccountName>
      <AccountLoginDataUserName>kahsan@gmail.com</AccountLoginDataUserName>
      <AccountLoginDataPassword>A1q2bdcc</AccountLoginDataPassword>
    </Account>
    <Account id="BlueShield">
      <AccountName>blue shield</AccountName>
      <AccountLoginDataUserName>southdakota1</AccountLoginDataUserName>
      <AccountLoginDataPassword>Pakistan1</AccountLoginDataPassword>
    </Account>
    <Account id="Ebay">
      <AccountName>ebay</AccountName>
      <AccountLoginDataUserName>paki_boy2</AccountLoginDataUserName>
      <AccountLoginDataPassword>Faluda123;</AccountLoginDataPassword>
    </Account>
    <Account id="Skype">
      <AccountName>Skype Account</AccountName>
      <AccountLoginDataUserName>mustafa.mohammad58</AccountLoginDataUserName>
      <AccountLoginDataPassword>Pakistan1</AccountLoginDataPassword>
    </Account>
    <Account id="USAJobs">
      <AccountName>usajobs.gov login info</AccountName>
      <AccountLoginDataUserName>Pakistan1992</AccountLoginDataUserName>
      <AccountLoginDataPassword>Southdakota123!</AccountLoginDataPassword>
    </Account>
    <Account id="RegularScottrade">
      <AccountName>scottrade account</AccountName>
      <AccountLoginDataUserName>56357698</AccountLoginDataUserName>
      <AccountLoginDataPassword>Heaven_on_earth123</AccountLoginDataPassword>
    </Account>
    <Account id="ScottradeRothIRA">
      <AccountName>ScottradeRothIRAAccount</AccountName>
      <AccountLoginDataUserName>56355914</AccountLoginDataUserName>
      <AccountLoginDataPassword>Pakistan1</AccountLoginDataPassword>
    </Account>
    <Account id="CNNMoneyPortfolio">
      <AccountName>cnn money myportfolio</AccountName>
      <AccountLoginDataUserName>gmail one</AccountLoginDataUserName>
      <AccountLoginDataPassword>Pakistan1</AccountLoginDataPassword>
    </Account>
    <Account id="AttAccount">
      <AccountName>Att Account</AccountName>
      <AccountLoginDataUserName>tasin_mohammad@sbcglobal.net</AccountLoginDataUserName>
      <AccountLoginDataPassword>faluda45</AccountLoginDataPassword>
    </Account>
    <Account id="MsdnAccount">
      <AccountName>MSDN Account</AccountName>
      <AccountLoginDataUserName>mm185429@ncr.com</AccountLoginDataUserName>
      <AccountLoginDataPassword>Southdakota123;</AccountLoginDataPassword>
    </Account>
  </Accounts>
  
</LoginInformation>
<!--router 1000601780
financial aid pin: 1992-->